cohort_month,cohort_index,unique_customers
2017-07-01 00:00:00,0,3752
2017-04-01 00:00:00,0,2256
2017-11-01 00:00:00,1,40
2017-05-01 00:00:00,1,16
2017-10-01 00:00:00,1,31
2017-06-01 00:00:00,5,12
2017-12-01 00:00:00,4,14
2017-02-01 00:00:00,9,3
2018-06-01 00:00:00,2,16
2018-02-01 00:00:00,5,14
2017-09-01 00:00:00,1,28
2018-03-01 00:00:00,3,20
2018-01-01 00:00:00,4,20
2017-07-01 00:00:00,11,11
2017-06-01 00:00:00,14,7
2017-08-01 00:00:00,2,14
2017-03-01 00:00:00,1,11
2017-08-01 00:00:00,10,10
2017-04-01 00:00:00,16,3
2017-02-01 00:00:00,5,2
2017-06-01 00:00:00,9,6
2017-01-01 00:00:00,7,1
2017-01-01 00:00:00,19,1
2017-01-01 00:00:00,13,3
2017-04-01 00:00:00,15,2
2017-02-01 00:00:00,17,3
2016-12-01 00:00:00,0,1
2017-04-01 00:00:00,11,2
2017-02-01 00:00:00,14,2
2017-01-01 00:00:00,8,1
2018-02-01 00:00:00,0,6288
2018-07-01 00:00:00,0,5949
2017-02-01 00:00:00,0,1628
2017-06-01 00:00:00,0,3037
2017-02-01 00:00:00,11,5
2017-11-01 00:00:00,7,13
2018-01-01 00:00:00,3,20
2017-12-01 00:00:00,3,18
2017-03-01 00:00:00,8,8
2017-09-01 00:00:00,7,10
2017-05-01 00:00:00,8,9
2017-04-01 00:00:00,5,6
2017-10-01 00:00:00,7,16
2018-03-01 00:00:00,4,8
2017-05-01 00:00:00,13,1
2017-12-01 00:00:00,6,9
2017-04-01 00:00:00,9,4
2018-01-01 00:00:00,6,12
2018-05-01 00:00:00,3,12
2017-03-01 00:00:00,7,8
2017-05-01 00:00:00,7,5
2017-09-01 00:00:00,8,11
2018-04-01 00:00:00,2,20
2017-01-01 00:00:00,1,2
2017-10-01 00:00:00,8,12
2017-11-01 00:00:00,8,9
2017-04-01 00:00:00,14,2
2017-07-01 00:00:00,5,8
2017-06-01 00:00:00,11,11
2017-07-01 00:00:00,9,10
2017-02-01 00:00:00,15,1
2017-03-01 00:00:00,13,3
2017-02-01 00:00:00,16,1
2018-04-01 00:00:00,0,6582
2017-08-01 00:00:00,5,21
2017-09-01 00:00:00,3,11
2017-10-01 00:00:00,6,9
2018-03-01 00:00:00,1,27
2018-02-01 00:00:00,2,25
2017-09-01 00:00:00,6,9
2017-05-01 00:00:00,12,8
2017-11-01 00:00:00,3,12
2017-01-01 00:00:00,4,3
2017-11-01 00:00:00,6,8
2017-05-01 00:00:00,6,14
2017-10-01 00:00:00,3,4
2018-01-01 00:00:00,7,16
2017-02-01 00:00:00,2,5
2017-08-01 00:00:00,9,6
2017-03-01 00:00:00,3,10
2017-05-01 00:00:00,3,10
2017-12-01 00:00:00,8,10
2017-06-01 00:00:00,10,9
2017-06-01 00:00:00,2,12
2017-03-01 00:00:00,12,5
2017-02-01 00:00:00,10,2
2017-03-01 00:00:00,6,4
2016-10-01 00:00:00,9,1
2017-12-01 00:00:00,7,1
2016-10-01 00:00:00,17,1
2017-01-01 00:00:00,0,717
2017-11-01 00:00:00,5,13
2018-07-01 00:00:00,1,31
2018-02-01 00:00:00,1,22
2017-06-01 00:00:00,1,15
2017-02-01 00:00:00,1,3
2017-08-01 00:00:00,6,12
2017-10-01 00:00:00,9,8
2017-07-01 00:00:00,8,7
2016-10-01 00:00:00,6,1
2017-08-01 00:00:00,3,11
2018-03-01 00:00:00,2,20
2017-07-01 00:00:00,13,9
2017-09-01 00:00:00,5,9
2017-10-01 00:00:00,5,9
2017-03-01 00:00:00,5,4
2017-04-01 00:00:00,7,7
2018-04-01 00:00:00,4,9
2017-05-01 00:00:00,14,6
2017-05-01 00:00:00,5,11
2017-03-01 00:00:00,9,2
2017-05-01 00:00:00,9,9
2017-07-01 00:00:00,7,4
2017-01-01 00:00:00,16,2
2017-04-01 00:00:00,13,1
2017-03-01 00:00:00,17,3
2016-09-01 00:00:00,0,1
2017-11-01 00:00:00,9,4
2017-09-01 00:00:00,9,7
2017-04-01 00:00:00,8,7
2017-03-01 00:00:00,14,4
2017-08-01 00:00:00,12,5
2016-10-01 00:00:00,20,2
2017-01-01 00:00:00,15,1
2017-01-01 00:00:00,11,1
2017-05-01 00:00:00,0,3451
2017-09-01 00:00:00,0,4004
2017-03-01 00:00:00,0,2503
2017-11-01 00:00:00,0,7060
2017-10-01 00:00:00,0,4328
2017-07-01 00:00:00,1,20
2017-03-01 00:00:00,15,6
2018-01-01 00:00:00,2,25
2016-12-01 00:00:00,1,1
2017-12-01 00:00:00,2,15
2017-06-01 00:00:00,7,7
2017-08-01 00:00:00,4,14
2017-05-01 00:00:00,11,12
2018-05-01 00:00:00,2,17
2017-04-01 00:00:00,1,14
2018-04-01 00:00:00,3,16
2017-06-01 00:00:00,8,4
2017-01-01 00:00:00,17,3
2017-06-01 00:00:00,13,5
2017-03-01 00:00:00,11,3
2017-05-01 00:00:00,15,7
2017-01-01 00:00:00,14,1
2017-03-01 00:00:00,16,2
2017-09-01 00:00:00,11,3
2017-02-01 00:00:00,13,3
2017-02-01 00:00:00,7,3
2017-01-01 00:00:00,5,1
2017-02-01 00:00:00,8,2
2017-08-01 00:00:00,0,4057
2018-06-01 00:00:00,0,5878
2017-04-01 00:00:00,10,6
2016-10-01 00:00:00,0,262
2017-09-01 00:00:00,4,18
2018-01-01 00:00:00,1,23
2017-03-01 00:00:00,4,9
2016-10-01 00:00:00,11,1
2017-08-01 00:00:00,11,8
2017-07-01 00:00:00,2,13
2017-01-01 00:00:00,12,5
2018-05-01 00:00:00,1,34
2017-01-01 00:00:00,3,1
2017-04-01 00:00:00,2,5
2017-05-01 00:00:00,4,10
2017-12-01 00:00:00,1,11
2017-10-01 00:00:00,4,10
2017-07-01 00:00:00,10,8
2017-11-01 00:00:00,4,12
2016-10-01 00:00:00,15,1
2017-01-01 00:00:00,6,3
2018-03-01 00:00:00,0,6774
2018-08-01 00:00:00,0,6144
2017-12-01 00:00:00,5,11
2017-07-01 00:00:00,12,5
2017-02-01 00:00:00,4,7
2017-07-01 00:00:00,6,12
2017-08-01 00:00:00,8,6
2017-04-01 00:00:00,6,8
2017-06-01 00:00:00,4,9
2017-08-01 00:00:00,7,11
2018-01-01 00:00:00,5,11
2017-07-01 00:00:00,3,9
2016-10-01 00:00:00,13,1
2017-01-01 00:00:00,2,2
2018-02-01 00:00:00,4,16
2018-04-01 00:00:00,1,39
2017-04-01 00:00:00,3,4
2017-04-01 00:00:00,12,1
2016-10-01 00:00:00,19,2
2017-01-01 00:00:00,10,3
2018-01-01 00:00:00,0,6842
2017-12-01 00:00:00,0,5338
2018-05-01 00:00:00,0,6506
2017-09-01 00:00:00,10,10
2017-02-01 00:00:00,6,4
2017-03-01 00:00:00,2,9
2018-06-01 00:00:00,1,25
2017-05-01 00:00:00,2,16
2018-02-01 00:00:00,3,19
2017-11-01 00:00:00,2,26
2018-02-01 00:00:00,6,13
2017-06-01 00:00:00,6,11
2017-10-01 00:00:00,10,9
2017-09-01 00:00:00,2,22
2017-06-01 00:00:00,12,5
2017-08-01 00:00:00,1,28
2017-02-01 00:00:00,3,2
2017-06-01 00:00:00,3,13
2018-03-01 00:00:00,5,8
2017-05-01 00:00:00,10,9
2017-03-01 00:00:00,10,9
2017-07-01 00:00:00,4,11
2017-10-01 00:00:00,2,11
2017-04-01 00:00:00,4,6
2017-02-01 00:00:00,12,2
